date,state,city,district,latitude,longitude,temperature_2m_mean,temperature_2m_max,temperature_2m_min,apparent_temperature_mean,apparent_temperature_max,apparent_temperature_min,precipitation_sum,rain_sum,snowfall_sum,wind_speed_10m_max,wind_gusts_10m_max,shortwave_radiation_sum
2022-01-01,rs,rio grande do sul,passo da areia,-30.0346,-51.2177,26.97133,39.1675,18.417501,29.549221,44.03438,19.073223,93.00001,93.00001,0.0,35.747112,65.520004,788.67
2022-02-01,rs,rio grande do sul,passo da areia,-30.0346,-51.2177,24.877842,36.567497,14.617499,27.294586,40.97238,14.55839,118.600006,118.600006,0.0,29.301876,60.120003,673.65
2022-03-01,rs,rio grande do sul,passo da areia,-30.0346,-51.2177,22.574959,34.317497,10.5175,24.306519,40.43966,7.935087,166.69998,166.69998,0.0,32.136932,59.039997,543.74
2022-04-01,rs,rio grande do sul,passo da areia,-30.0346,-51.2177,19.414236,32.567497,11.117499,20.251612,36.27435,9.814333,111.6,111.6,0.0,34.268143,65.159996,420.87
2022-05-01,rs,rio grande do sul,passo da areia,-30.0346,-51.2177,15.282957,26.6175,3.5674999,14.64496,28.0518,0.8739958,173.7,173.7,0.0,47.82583,81.72,307.16
2022-06-01,rs,rio grande do sul,passo da areia,-30.0346,-51.2177,12.533818,21.9675,2.5175,11.165953,23.866667,-0.7392354,136.2,136.2,0.0,28.174456,49.32,255.57
2022-07-01,rs,rio grande do sul,passo da areia,-30.0346,-51.2177,16.008762,27.417501,6.2175,15.696053,29.475704,3.6467476,169.8,169.8,0.0,36.233242,66.24,302.3
2022-08-01,rs,rio grande do sul,passo da areia,-30.0346,-51.2177,14.499691,29.817501,3.7175,13.41202,31.327106,0.8171568,99.200005,99.200005,0.0,34.247337,64.799995,373.46
2022-09-01,rs,rio grande do sul,passo da areia,-30.0346,-51.2177,15.9375,29.417501,5.4175,14.877103,31.216,3.2900925,86.200005,86.200005,0.0,39.205303,68.03999,497.74
2022-10-01,rs,rio grande do sul,passo da areia,-30.0346,-51.2177,18.46481,32.9675,10.0175,18.180843,35.515884,8.190551,142.5,142.5,0.0,35.821354,61.56,571.02
2022-11-01,rs,rio grande do sul,passo da areia,-30.0346,-51.2177,20.907846,32.4675,8.6675,21.005207,34.687374,5.4170322,56.2,56.2,0.0,32.19938,55.44,755.47
2022-12-01,rs,rio grande do sul,passo da areia,-30.0346,-51.2177,23.985376,36.017498,16.317501,25.240768,40.44892,16.408436,106.2,106.2,0.0,31.212229,54.0,826.12
2023-01-01,rs,rio grande do sul,passo da areia,-30.0346,-51.2177,26.094181,36.9175,19.0175,28.46652,40.750893,20.66795,77.9,77.9,0.0,29.01743,50.399998,822.12
2023-02-01,rs,rio grande do sul,passo da areia,-30.0346,-51.2177,24.953066,37.767498,14.2175,26.978271,39.312702,11.092915,75.1,75.1,0.0,26.552288,48.96,647.74
2023-03-01,rs,rio grande do sul,passo da areia,-30.0346,-51.2177,25.1923,34.6675,16.6175,27.986767,38.826065,17.458118,108.5,108.5,0.0,27.416782,48.96,607.03
2023-04-01,rs,rio grande do sul,passo da areia,-30.0346,-51.2177,20.601736,32.517498,10.1675,20.761278,32.911114,7.9766064,23.8,23.8,0.0,38.243114,66.24,453.3
2023-05-01,rs,rio grande do sul,passo da areia,-30.0346,-51.2177,17.999758,28.2675,9.8175,18.36204,30.434525,8.205556,119.1,119.1,0.0,29.070974,48.6,337.93
2023-06-01,rs,rio grande do sul,passo da areia,-30.0346,-51.2177,15.839305,27.3675,4.0675,15.298488,29.380943,0.93999624,196.6,196.6,0.0,47.17511,79.56,277.61002
2023-07-01,rs,rio grande do sul,passo da areia,-30.0346,-51.2177,15.083696,27.317501,5.4175,14.215892,28.954155,2.6215944,168.20001,168.20001,0.0,40.223457,81.0,310.46
2023-08-01,rs,rio grande do sul,passo da areia,-30.0346,-51.2177,16.002983,30.317501,5.7175,15.298667,33.02593,3.067935,119.90001,119.90001,0.0,36.233242,63.36,430.21
2023-09-01,rs,rio grande do sul,passo da areia,-30.0346,-51.2177,18.347778,32.6175,7.0675,18.348616,37.299454,4.7724733,409.7,409.7,0.0,38.85666,70.56,364.69
2023-10-01,rs,rio grande do sul,passo da areia,-30.0346,-51.2177,18.864073,29.8675,10.1675,19.071701,33.62717,8.483613,157.90001,157.90001,0.0,35.463196,61.199997,513.05
2023-11-01,rs,rio grande do sul,passo da areia,-30.0346,-51.2177,21.304026,32.817497,10.0175,22.452002,38.22938,8.120972,215.09999,215.09999,0.0,35.309376,59.039997,578.81
2023-12-01,rs,rio grande do sul,passo da areia,-30.0346,-51.2177,24.707151,35.8675,15.4175,27.088806,44.0414,15.165642,103.0,103.0,0.0,34.746994,68.4,760.55
2024-01-01,rs,rio grande do sul,passo da areia,-30.0346,-51.2177,24.50668,35.7175,18.2175,26.46663,40.428368,18.512442,121.3,121.3,0.0,31.006012,55.44,751.97
2024-02-01,rs,rio grande do sul,passo da areia,-30.0346,-51.2177,26.04911,37.7175,18.6175,29.117916,42.958244,19.970587,118.0,118.0,0.0,29.522196,54.0,642.34
2024-03-01,rs,rio grande do sul,passo da areia,-30.0346,-51.2177,24.38074,33.9675,15.8175,27.139385,40.369114,15.654327,67.4,67.4,0.0,27.359999,48.6,608.36
2024-04-01,rs,rio grande do sul,passo da areia,-30.0346,-51.2177,21.819584,31.067501,14.1675,23.30545,35.88508,13.122271,229.29999,229.29999,0.0,30.096085,51.839996,360.68
2024-05-01,rs,rio grande do sul,passo da areia,-30.0346,-51.2177,16.71004,30.917501,7.0175004,16.59385,34.433823,4.9632483,355.69998,355.69998,0.0,32.217484,72.72,247.73
2024-06-01,rs,rio grande do sul,passo da areia,-30.0346,-51.2177,16.959097,29.1175,3.4175,16.72542,31.230976,-0.07196522,152.9,152.9,0.0,30.619051,58.679996,274.22
2024-07-01,rs,rio grande do sul,passo da areia,-30.0346,-51.2177,13.4545965,26.2175,3.6175,12.228748,28.028595,0.25671864,72.600006,72.600006,0.0,33.99475,57.96,276.81
2024-08-01,rs,rio grande do sul,passo da areia,-30.0346,-51.2177,15.306814,29.567501,4.0675,14.448583,31.601265,1.3207512,87.5,87.5,0.0,31.093666,55.8,357.49
2024-09-01,rs,rio grande do sul,passo da areia,-30.0346,-51.2177,18.706043,32.9175,8.7675,19.171425,37.856995,7.3331175,192.79999,192.79999,0.0,36.871452,68.4,453.78
2024-10-01,rs,rio grande do sul,passo da areia,-30.0346,-51.2177,20.38094,31.9675,11.5175,20.968172,37.15102,9.514543,67.0,67.0,0.0,36.172832,62.279995,612.69
2024-11-01,rs,rio grande do sul,passo da areia,-30.0346,-51.2177,23.194723,35.067497,13.2675,24.702559,39.82189,12.943777,106.69999,106.69999,0.0,32.171696,66.24,662.99
2024-12-01,rs,rio grande do sul,passo da areia,-30.0346,-51.2177,22.380941,33.8675,15.4175,23.757067,38.932114,14.965702,193.1,193.1,0.0,40.178726,76.32,761.86
2025-01-01,rs,rio grande do sul,passo da areia,-30.0346,-51.2177,24.67328,33.4175,17.4675,27.363697,40.01886,18.731735,92.2,92.2,0.0,23.363974,47.519997,788.51
2025-02-01,rs,rio grande do sul,passo da areia,-30.0346,-51.2177,26.257233,36.317497,19.3675,30.198614,41.63038,21.450031,71.1,71.1,0.0,26.24854,56.16,677.55
2025-03-01,rs,rio grande do sul,passo da areia,-30.0346,-51.2177,24.724894,35.9675,16.067501,27.610317,43.118202,16.685415,45.8,45.8,0.0,25.20257,47.519997,627.27997
2025-04-01,rs,rio grande do sul,passo da areia,-30.0346,-51.2177,19.885,29.6175,10.7675,20.837442,33.734154,9.490116,118.399994,118.399994,0.0,23.200455,42.839996,447.46
2025-05-01,rs,rio grande do sul,passo da areia,-30.0346,-51.2177,18.085848,30.567501,6.9175,18.57388,31.293755,3.8413563,211.40002,211.40002,0.0,34.838253,66.24,337.38998
2025-06-01,rs,rio grande do sul,passo da areia,-30.0346,-51.2177,13.326875,23.7675,4.4675,12.142033,24.819504,-0.16364098,196.8,196.8,0.0,31.212229,60.120003,265.95
2025-07-01,rs,rio grande do sul,passo da areia,-30.0346,-51.2177,12.958964,23.9675,2.0674999,11.7738905,25.34593,-1.9432142,87.7,87.7,0.0,37.110134,75.6,322.57
2025-08-01,rs,rio grande do sul,passo da areia,-30.0346,-51.2177,15.417902,29.7175,6.7675004,14.547751,30.467686,4.9832935,126.6,126.6,0.0,35.617268,70.2,359.38
2025-09-01,rs,rio grande do sul,passo da areia,-30.0346,-51.2177,17.684376,29.567501,8.4175,17.437475,30.894958,5.898427,156.2,156.2,0.0,26.533978,50.039997,453.68
2025-10-01,rs,rio grande do sul,passo da areia,-30.0346,-51.2177,19.678185,33.7175,11.117499,19.870104,37.69731,9.883788,128.5,128.5,0.0,33.892143,66.96,585.5
2025-11-01,rs,rio grande do sul,passo da areia,-30.0346,-51.2177,21.179653,32.9175,12.7675,21.745893,37.556824,11.996437,83.600006,83.600006,0.0,40.42593,73.799995,759.97
2025-12-01,rs,rio grande do sul,passo da areia,-30.0346,-51.2177,22.413332,26.4675,19.3675,23.47699,27.82368,19.631163,1.1,1.1,0.0,18.832163,38.88,20.0
